Date,Item category 2
"Jul 1, 2025",Herbal Formulas
"Jul 1, 2025",(not set)
"Jul 1, 2025",ACUTE MEDICATIONS
"Jul 1, 2025",Accessories
"Jul 1, 2025",Acne & Blemishes
"Jul 1, 2025",Adult Sanitary Care
"Jul 1, 2025",Aging & Wrinkles
"Jul 1, 2025",Allergy Relief
"Jul 1, 2025",Anti Hair Loss
"Jul 1, 2025",Antioxidants
"Jul 1, 2025",Ashwagandha
"Jul 1, 2025",BABY DIAPERS AND PANTS
"Jul 1, 2025",BABY FEEDING ACCESSORIES
"Jul 1, 2025",BABY NUTRITION
"Jul 1, 2025",BABY TOILETRIES AND WIPES
"Jul 1, 2025",BATH AND BODY
"Jul 1, 2025",Baby & Kids Cups
"Jul 1, 2025",Baby & Kids Safety
"Jul 1, 2025",Baby Bassinets & Cots & Beds
"Jul 1, 2025",Baby Bath Essentials
"Jul 1, 2025",Baby Feeding Essentials
"Jul 1, 2025",Baby Food
"Jul 1, 2025",Baby Food & Tools
"Jul 1, 2025",Baby Gear
"Jul 1, 2025",Baby Grooming
"Jul 1, 2025",Baby Healthcare
"Jul 1, 2025",Baby Milk
"Jul 1, 2025",Baby Milk & Accessories
"Jul 1, 2025",Baby Monitors & Kids Tech
"Jul 1, 2025",Baby Rockers
"Jul 1, 2025",Baby Skin Care
"Jul 1, 2025",Baby Swaddles
"Jul 1, 2025",Baby Toys
"Jul 1, 2025",Baby Wipes & Creams
"Jul 1, 2025",Balance Your Hormones
"Jul 1, 2025",Balance Your Thyroid
"Jul 1, 2025",Bar Soap
"Jul 1, 2025",Bath & Body
"Jul 1, 2025",Bath Accessories
"Jul 1, 2025",Bath Salt
"Jul 1, 2025",Bath Sponges & Bath Accessories
"Jul 1, 2025",Bathing & Care
"Jul 1, 2025",Bathroom Safety
"Jul 1, 2025",Bathtubs & Bath Seats
"Jul 1, 2025",Beauty Collagen
"Jul 1, 2025",Bioderma
"Jul 1, 2025",Bird Supplies
"Jul 1, 2025",Bladder & Urinary Support
"Jul 1, 2025",Blades & Razors
"Jul 1, 2025",Blood Circulation Support
"Jul 1, 2025",Body Lotion
"Jul 1, 2025",Body Mist
"Jul 1, 2025",Body Scrub
"Jul 1, 2025",Body Spa & Candles
"Jul 1, 2025",Body Supports
"Jul 1, 2025",Bone & Joints & Muscles
"Jul 1, 2025","Bone, Joints & Muscles Treatments"
"Jul 1, 2025","Bone, Muscle & Joints"
"Jul 1, 2025",Bottle Cleansers & Sterilizers
"Jul 1, 2025",Bottles & Milk Prep
"Jul 1, 2025",Brain & Memory
"Jul 1, 2025",Brain & Memory Boost
"Jul 1, 2025",Breast Feeding Support
"Jul 1, 2025",Breast Pump
"Jul 1, 2025",Breast Pumps & Accessories
"Jul 1, 2025",Breastfeeding Essentials
"Jul 1, 2025",Breath Fresheners
"Jul 1, 2025",Breath Freshners
"Jul 1, 2025",Breathe Easy
"Jul 1, 2025",Burping Bibs
"Jul 1, 2025",CHRONIC MEDICATIONS
"Jul 1, 2025",COSMETIC
"Jul 1, 2025",Calcium
"Jul 1, 2025",Cancer Treatments
"Jul 1, 2025",Cat Supplies
"Jul 1, 2025",Cavity Prevention
"Jul 1, 2025",Cholesterol Balance
"Jul 1, 2025",Chronic Obesity Treatments
"Jul 1, 2025",Circulation Boost
"Jul 1, 2025",Cleansers
"Jul 1, 2025",Clothes & Shoes
"Jul 1, 2025",Collagen Type 1&3
"Jul 1, 2025",Color Care
"Jul 1, 2025",Color Contact Lenses
"Jul 1, 2025",Conditioner
"Jul 1, 2025",Conditioners
"Jul 1, 2025",Corrective Contact Lenses
"Jul 1, 2025",Cortisones
"Jul 1, 2025",Cough Cold & Allergy
"Jul 1, 2025",Crutches & Canes
"Jul 1, 2025",Curly Hair Frizzing
"Jul 1, 2025",Cushions & Pillows
"Jul 1, 2025",Daily Hair Care
"Jul 1, 2025",Damage & Repair
"Jul 1, 2025",Dandruff Treatment
"Jul 1, 2025",Dental Accessories
"Jul 1, 2025",Deodorant
"Jul 1, 2025",Deodorants
"Jul 1, 2025",Diabetes Care
"Jul 1, 2025",Diabetes Multivitamins